sample,radio,dataset,selection,profile_at_acquisition,raw_temperature_c,raw_rh_percent,mcu_temperature_c,filtered_mcu_temperature_c,filtered_mcu_basis,reference_temperature_c,reference_rh_percent,reference_basis,reported_temperature_c,reported_rh_percent,th4_replay_temperature_c,th4_replay_rh_percent,usb_reported,curve_range
room-01,Radio B,individual_room_samples,fit,TH3,32.94,34.08,33.25,32.956,firmware_log,25.6,61,next_sample_after_manual_reference,25.2,64.9,,,1,0
room-02,Radio B,individual_room_samples,fit,TH3,32.63,34.11,33.5,33.439,firmware_log,25.5,61,next_sample_after_manual_reference,24.47,65.76,,,1,0
room-03,Radio B,individual_room_samples,fit,TH3,32.53,34.7,33.5,33.495,firmware_log,25.5,61,next_sample_after_manual_reference,24.32,67,,,1,0
room-04,Radio B,individual_room_samples,same_run_holdout,TH3,32.54,34.23,33,32.545,firmware_log,25.5,61,next_sample_after_manual_reference,25.17,64.65,25.600434,60.355389,1,0
room-05,Radio B,individual_room_samples,fit,TH3,32.36,34.5,32.5,32.265,firmware_log,25.5,61,next_sample_after_manual_reference,25.23,64.78,,,1,0
room-06,Radio B,individual_room_samples,fit,TH3,32.33,34.92,32.5,32.199,firmware_log,25.5,61,next_sample_after_manual_reference,25.26,65.46,,,1,0
room-07,Radio B,individual_room_samples,fit,TH3,33.8,35.05,34.5,34.077,firmware_log,25.9,60,next_sample_after_manual_reference,25.08,68.25,,,1,0
room-08,Radio B,individual_room_samples,fit,TH3,33.87,34.88,35,34.764,firmware_log,25.9,60,next_sample_after_manual_reference,24.54,68.91,,,1,0
room-09,Radio B,individual_room_samples,fit,TH3,31.21,36.52,30.5,30.5,unfiltered_mcu_proxy_at_low_endpoint,25.2,64,later_confirmed_reference,25.11,66.91,,,0,
warm-01,Radio B,warm_room_samples,fit,pre_TH3,37.42,32.05,38.5,,not_recorded,24.8,67,paired_manual_reference,,,,,True,
warm-02,Radio B,warm_room_samples,fit,pre_TH3,39.02,29.55,40,,not_recorded,25.1,65,series_reference_assumed_constant,37.46,32.15,,,1,
warm-03,Radio B,warm_room_samples,fit,pre_TH3,39.05,30,40.25,,not_recorded,25.1,65,series_reference_assumed_constant,37.28,33.02,,,1,
warm-04,Radio B,warm_room_samples,fit,pre_TH3,39.07,29.88,40.75,,not_recorded,25.1,65,series_reference_assumed_constant,37.09,33.26,,,1,
pair-A-01,Radio A,paired_warming_series,unused_transition,TH1,32.84,33.02,35,35,reconstructed_from_mcu_samples,25.2,64,series_reference_assumed_constant,27.59,44.62,,,1,
pair-A-02,Radio A,paired_warming_series,unused_transition,TH1,33.45,32.57,35,35,reconstructed_from_mcu_samples,25.2,64,series_reference_assumed_constant,28.16,44.06,,,1,
pair-A-03,Radio A,paired_warming_series,unused_transition,TH1,33.54,32.41,35.5,35.196703,reconstructed_from_mcu_samples,25.2,64,series_reference_assumed_constant,28.22,43.91,,,1,
pair-A-04,Radio A,paired_warming_series,unused_transition,TH1,34,32.17,35.75,35.420924,reconstructed_from_mcu_samples,25.2,64,series_reference_assumed_constant,28.64,43.64,,,1,
pair-A-05,Radio A,paired_warming_series,fit,TH1,34.25,31.87,36.5,35.846705,reconstructed_from_mcu_samples,25.2,64,series_reference_assumed_constant,28.86,43.28,,,1,
pair-A-06,Radio A,paired_warming_series,same_run_holdout,TH1,34.14,32.06,36.5,36.11169,reconstructed_from_mcu_samples,25.2,64,series_reference_assumed_constant,28.72,43.63,25.410247,63.255845,1,
pair-A-07,Radio A,paired_warming_series,fit,TH1,34.15,32.06,36.5,36.268711,reconstructed_from_mcu_samples,25.2,64,series_reference_assumed_constant,28.7,43.7,,,1,
pair-A-08,Radio A,paired_warming_series,same_run_holdout,TH1,34.22,32.07,36.5,36.362104,reconstructed_from_mcu_samples,25.2,64,series_reference_assumed_constant,28.74,43.77,25.194095,63.95538,1,
pair-A-09,Radio A,paired_warming_series,fit,TH1,34.29,32.12,36.75,36.51493,reconstructed_from_mcu_samples,25.2,64,series_reference_assumed_constant,28.79,43.91,,,1,
pair-A-10,Radio A,paired_warming_series,same_run_holdout,TH1,34.37,32.2,36.75,36.609668,reconstructed_from_mcu_samples,25.2,64,series_reference_assumed_constant,28.84,44.07,25.016451,64.985174,1,
pair-A-11,Radio A,paired_warming_series,fit,TH1,34.47,32,37.25,36.861951,reconstructed_from_mcu_samples,25.2,64,series_reference_assumed_constant,28.92,43.84,,,1,
pair-B-01,Radio B,paired_warming_series,unused_transition,TH3,33.3,35.58,34.75,34.612,firmware_log,25.2,64,series_reference_assumed_constant,24.11,70.22,,,1,0
pair-B-02,Radio B,paired_warming_series,same_run_holdout,TH3,33.58,35.22,35.25,34.863,firmware_log,25.2,64,series_reference_assumed_constant,24.16,69.81,25.119054,63.244506,1,0
pair-B-03,Radio B,paired_warming_series,fit,TH3,33.82,34.74,35.25,35.021,firmware_log,25.2,64,series_reference_assumed_constant,24.27,69.04,,,1,0
pair-B-04,Radio B,paired_warming_series,same_run_holdout,TH3,34.03,34.62,35.5,35.209,firmware_log,25.2,64,series_reference_assumed_constant,24.31,69.02,25.174859,64.080044,1,0
pair-B-05,Radio B,paired_warming_series,fit,TH3,34.24,34.47,35.5,35.326,firmware_log,25.2,64,series_reference_assumed_constant,24.42,68.83,,,1,0
pair-B-06,Radio B,paired_warming_series,same_run_holdout,TH3,34.5,34.23,35.75,35.493,firmware_log,25.2,64,series_reference_assumed_constant,24.53,68.51,25.443734,63.634159,1,0
pair-B-07,Radio B,paired_warming_series,unused_transition,TH3,34.52,34.24,35.75,35.597,firmware_log,25.2,64,series_reference_assumed_constant,24.46,68.67,,,1,0
pair-B-08,Radio B,paired_warming_series,same_run_holdout,TH3,34.56,34.22,36.25,35.854,firmware_log,25.2,64,series_reference_assumed_constant,24.27,68.98,25.248079,64.094311,1,0
pair-B-09,Radio B,paired_warming_series,fit,TH3,34.64,34.06,36.25,36.014,firmware_log,25.2,64,series_reference_assumed_constant,24.21,68.86,,,1,0
pair-B-10,Radio B,paired_warming_series,same_run_holdout,TH3,34.78,33.98,36.5,36.205,firmware_log,25.2,64,series_reference_assumed_constant,24.18,68.93,25.197355,64.134206,1,0
pair-B-11,Radio B,paired_warming_series,fit,TH3,34.83,33.87,36.5,36.324,firmware_log,25.2,64,series_reference_assumed_constant,24.13,68.84,,,1,0
pair-B-12,Radio B,paired_warming_series,same_run_holdout,TH3,34.9,33.82,36.5,36.393,firmware_log,25.2,64,series_reference_assumed_constant,24.14,68.83,25.068544,64.41154,1,0
live-1-A,Radio A,post_install_live,not_used_for_fit,TH4,38.51,28.87,41,40.705,firmware_log,25.4,62,next_sample_after_new_manual_reference,25.33,66.03,,,1,1
live-1-B,Radio B,post_install_live,not_used_for_fit,TH4,36.44,31.74,37.5,37.429,firmware_log,25.4,62,next_sample_after_new_manual_reference,25.24,63.24,,,1,0
live-2-A,Radio A,post_install_live,not_used_for_fit,TH4,38.55,28.79,41,40.843,firmware_log,25.5,62,next_sample_after_new_manual_reference,25.37,65.85,,,1,1
live-2-B,Radio B,post_install_live,not_used_for_fit,TH4,35.9,32.39,37.25,37.175,firmware_log,25.5,62,next_sample_after_new_manual_reference,25.03,63.89,,,1,0
live-3-A-01,Radio A,post_install_live,not_used_for_fit,TH4,39.55,27.47,41.25,40.942,firmware_log,25.4,62,new_manual_reference_assumed_constant_during_capture,26.37,62.48,,,1,1
live-3-A-02,Radio A,post_install_live,not_used_for_fit,TH4,39.54,27.4,41.5,41.162,firmware_log,25.4,62,new_manual_reference_assumed_constant_during_capture,26.36,62.34,,,1,1
live-3-B-01,Radio B,post_install_live,not_used_for_fit,TH4,36.09,31.55,36.5,35.979,firmware_log,25.4,62,new_manual_reference_assumed_constant_during_capture,26.69,58.89,,,1,0
